{"cameraMode":{"drawMode":0,"name":"Shaded","section":"Shading Mode"},"sceneLighting":false,"audioPlay":false,"sceneViewState":{"m_AlwaysRefresh":false,"showFog":true,"showSkybox":false,"showFlares":true,"showImageEffects":true,"showParticleSystems":true,"showVisualEffectGraphs":true,"m_FxEnabled":true},"in2DMode":false,"pivot":{"x":0.046000003814697269,"y":-0.057568203657865527,"z":-0.06109844148159027},"rotation":{"x":0.700714111328125,"y":-1.465354415586262e-7,"z":-1.9186299482498726e-7,"w":0.7134414911270142},"size":0.40668362379074099,"orthographic":true}