{"cameraMode":{"drawMode":0,"name":"Shaded","section":"Shading Mode"},"sceneLighting":true,"audioPlay":false,"sceneViewState":{"m_AlwaysRefresh":false,"showFog":true,"showSkybox":true,"showFlares":true,"showImageEffects":true,"showParticleSystems":true,"showVisualEffectGraphs":true,"m_FxEnabled":true},"in2DMode":false,"pivot":{"x":13.30729866027832,"y":11.60130500793457,"z":-10.958930015563965},"rotation":{"x":0.25346168875694277,"y":-0.2780607342720032,"z":0.07632620632648468,"w":0.9233680963516235},"size":16.691810607910158,"orthographic":true}